"ID","Main Category","Model Title","Price (PKR)","Original Price (PKR)","Badge","Primary Image URL","All Images (JSON)","Technical Specs (JSON)","Colors (JSON)","Warranty","Shipping"
"pel-1","Air Conditioners","Panasonic BKF Inverter T3 (H&C) Air Conditioner","139900","151100","T3 Full DC Inverter","/images/products/panasonic-bkf-inverter-t3-h-c-air-conditioner-1.png","[""/images/products/panasonic-bkf-inverter-t3-h-c-air-conditioner-1.png"",""/images/products/panasonic-bkf-inverter-t3-h-c-air-conditioner-2.png"",""/images/products/panasonic-bkf-inverter-t3-h-c-air-conditioner-3.png"",""/images/products/panasonic-bkf-inverter-t3-h-c-air-conditioner-4.png"",""/images/products/panasonic-bkf-inverter-t3-h-c-air-conditioner-5.png""]","{""Capacity / Tonnage"":""1 Ton / 1.5 Ton / 2 Ton"",""Compressor"":""T3 Extreme Climate Full DC Inverter"",""Cooling & Heating"":""Heat & Cool (All Seasons)"",""Low Voltage Startup"":""Operates down to 140V without stabilizer"",""Energy Saving"":""Up to 65% - 75% Electricity Saving"",""Refrigerant"":""Eco-Friendly R410A / R32 Gas""}","[""White""]","10 Years Compressor + 1 Year Parts & Free Installation Kit","Free Insured Delivery in Faisalabad & Major Cities (2-4 Days Nationwide)"
"pel-2","Air Conditioners","PEL InverterOn Cool Pro (Cool Only) Air Conditioner","102900","111100","T3 Full DC Inverter","/images/products/pel-inverteron-cool-pro-cool-only-air-conditioner-1.png","[""/images/products/pel-inverteron-cool-pro-cool-only-air-conditioner-1.png"",""/images/products/pel-inverteron-cool-pro-cool-only-air-conditioner-2.png"",""/images/products/pel-inverteron-cool-pro-cool-only-air-conditioner-3.png"",""/images/products/pel-inverteron-cool-pro-cool-only-air-conditioner-4.png""]","{""Capacity / Tonnage"":""1.0 Ton / 1.5 Ton / 2.0 Ton"",""Compressor"":""T3 Extreme Climate Full DC Inverter"",""Cooling & Heating"":""Cool Only (Eco Saver)"",""Low Voltage Startup"":""Operates down to 140V without stabilizer"",""Energy Saving"":""Up to 65% - 75% Electricity Saving"",""Refrigerant"":""Eco-Friendly R410A / R32 Gas""}","[""1 Ton"",""1.5 Ton""]","10 Years Compressor + 1 Year Parts & Free Installation Kit","Free Insured Delivery in Faisalabad & Major Cities (2-4 Days Nationwide)"
"pel-3","Air Conditioners","PEL InverterOn Jumbo Cool T3 (H&C) Air Conditioner","129900","140300","T3 InverterOn","/images/products/pel-inverteron-jumbo-cool-h-c-air-conditioner-1.png","[""/images/products/pel-inverteron-jumbo-cool-h-c-air-conditioner-1.png"",""/images/products/pel-inverteron-jumbo-cool-h-c-air-conditioner-2.png"",""/images/products/pel-inverteron-jumbo-cool-h-c-air-conditioner-3.png""]","{""Capacity / Tonnage"":""1 Ton / 1.5 Ton / 2 Ton"",""Compressor"":""T3 Extreme Climate Full DC Inverter"",""Cooling & Heating"":""Heat & Cool (All Seasons)"",""Low Voltage Startup"":""Operates down to 140V without stabilizer"",""Energy Saving"":""Up to 65% - 75% Electricity Saving"",""Refrigerant"":""Eco-Friendly R410A / R32 Gas""}","[""White""]","10 Years Compressor + 1 Year Parts & Free Installation Kit","Free Insured Delivery in Faisalabad & Major Cities (2-4 Days Nationwide)"
"pel-4","Air Conditioners","PEL InverterOn ACE Pro (H&C) Air Conditioner","113900","123000","T3 Full DC Inverter","/images/products/pel-inverteron-ace-pro-h-c-air-conditioner-1.png","[""/images/products/pel-inverteron-ace-pro-h-c-air-conditioner-1.png"",""/images/products/pel-inverteron-ace-pro-h-c-air-conditioner-2.png"",""/images/products/pel-inverteron-ace-pro-h-c-air-conditioner-3.png"",""/images/products/pel-inverteron-ace-pro-h-c-air-conditioner-4.png""]","{""Capacity / Tonnage"":""1 Ton / 1.5 Ton"",""Compressor"":""T3 Extreme Climate Full DC Inverter"",""Cooling & Heating"":""Heat & Cool (All Seasons)"",""Low Voltage Startup"":""Operates down to 140V without stabilizer"",""Energy Saving"":""Up to 65% - 75% Electricity Saving"",""Refrigerant"":""Eco-Friendly R410A / R32 Gas""}","[""White""]","10 Years Compressor + 1 Year Parts & Free Installation Kit","Free Insured Delivery in Faisalabad & Major Cities (2-4 Days Nationwide)"
"pel-5","Smart LED TVs","PEL QLED 65 SMART GOOGLE PLD Ultra HD","195900","211600","4K Quantum QLED Google TV","/images/products/pel-qled-65-smart-google-pld-ultra-hd-1.png","[""/images/products/pel-qled-65-smart-google-pld-ultra-hd-1.png"",""/images/products/pel-qled-65-smart-google-pld-ultra-hd-2.png""]","{""Display Technology"":""Quantum Dot 4K QLED Panel (1 Billion Colors)"",""Resolution"":""4K Ultra HD (3840 x 2160 Pixels)"",""Operating System"":""Official Google TV OS with Google Assistant & Chromecast"",""Audio"":""Dolby Audio 24W Cinematic Stereo Speakers"",""Connectivity"":""Dual-Band Wi-Fi, Bluetooth 5.0, 3x HDMI, 2x USB""}","[""65 Inch""]","2 Years Panel + 1 Year Parts Official Warranty","Free Insured Delivery in Faisalabad & Major Cities (2-4 Days Nationwide)"
"pel-6","Refrigerators & Freezers","PEL InverterOn Refrigerator PRINVO VCM","69900","75500","Low Voltage Startup","/images/products/pel-inverteron-refrigerator-prinvo-vcm-1.png","[""/images/products/pel-inverteron-refrigerator-prinvo-vcm-1.png"",""/images/products/pel-inverteron-refrigerator-prinvo-vcm-2.png"",""/images/products/pel-inverteron-refrigerator-prinvo-vcm-3.png"",""/images/products/pel-inverteron-refrigerator-prinvo-vcm-4.png"",""/images/products/pel-inverteron-refrigerator-prinvo-vcm-5.png"",""/images/products/pel-inverteron-refrigerator-prinvo-vcm-6.png"",""/images/products/pel-inverteron-refrigerator-prinvo-vcm-7.png"",""/images/products/pel-inverteron-refrigerator-prinvo-vcm-8.png"",""/images/products/pel-inverteron-refrigerator-prinvo-vcm-9.png"",""/images/products/pel-inverteron-refrigerator-prinvo-vcm-10.png"",""/images/products/pel-inverteron-refrigerator-prinvo-vcm-11.png"",""/images/products/pel-inverteron-refrigerator-prinvo-vcm-12.png""]","{""Capacity / Series"":""2000 (168 LTR) / 2200 (194 LTR) / 2350 (240 LTR) / 2550 (260 LTR) / 6360 (310 LTR) / 6460 (334 LTR) / 21860 (354 LTR)"",""Cooling System"":""InverterOn Variable Speed Smart Cooling"",""Insulation"":""High-Density Thick PUF for 6+ Hours Cold Retention"",""Voltage Stabilizer"":""Built-in LVS (Works from 100V to 260V)"",""Shelves & Gasket"":""Toughened Glass / Food Grade Anti-Bacterial""}","[""Gold Silk"",""Silver Moonlight""]","10 Years Compressor + 1 Year Parts Warranty","Free Insured Delivery in Faisalabad & Major Cities (2-4 Days Nationwide)"
"pel-7","Refrigerators & Freezers","PEL Refrigerator Glass Door","69900","75500","Mirror Glass Door","/images/products/pel-refrigerator-glass-door-prism-1.png","[""/images/products/pel-refrigerator-glass-door-prism-1.png"",""/images/products/pel-refrigerator-glass-door-prism-2.png"",""/images/products/pel-refrigerator-glass-door-prism-3.png"",""/images/products/pel-refrigerator-glass-door-prism-4.png"",""/images/products/pel-refrigerator-glass-door-prism-5.png"",""/images/products/pel-refrigerator-glass-door-prism-6.png"",""/images/products/pel-refrigerator-glass-door-prism-7.png"",""/images/products/pel-refrigerator-glass-door-prism-8.png""]","{""Capacity / Series"":""2000 (168 LTR) / 2200 (194 LTR) / 2350 (240 LTR) / 2550 (260 LTR) / 6370 (310 LTR) / 6470 (334 LTR) / 21870 (354 LTR) / 21970 (382 LTR) / 22270 (408 LTR)"",""Cooling System"":""Direct Cool Deep Freeze Technology"",""Insulation"":""High-Density Thick PUF for 6+ Hours Cold Retention"",""Voltage Stabilizer"":""Built-in LVS (Works from 100V to 260V)"",""Shelves & Gasket"":""Toughened Glass / Food Grade Anti-Bacterial""}","[""Red Blaze"",""Purple Blaze"",""Pattern Mirror Red""]","10 Years Compressor + 1 Year Parts Warranty","Free Insured Delivery in Faisalabad & Major Cities (2-4 Days Nationwide)"
"pel-8","Refrigerators & Freezers","PEL Vertical Inverter Glass Door Deep Freezer","112900","121900","Mirror Glass Door","/images/products/pel-vertical-inverter-glass-door-deep-freezer-1.png","[""/images/products/pel-vertical-inverter-glass-door-deep-freezer-1.png"",""/images/products/pel-vertical-inverter-glass-door-deep-freezer-2.png"",""/images/products/pel-vertical-inverter-glass-door-deep-freezer-3.png""]","{""Capacity / Series"":""7D (281 LTR)"",""Cooling System"":""InverterOn Variable Speed Smart Cooling"",""Insulation"":""High-Density Thick PUF for 6+ Hours Cold Retention"",""Voltage Stabilizer"":""Built-in LVS (Works from 100V to 260V)"",""Shelves & Gasket"":""Toughened Glass / Food Grade Anti-Bacterial""}","[""Hazel Red Blaze""]","10 Years Compressor + 1 Year Parts Warranty","Free Insured Delivery in Faisalabad & Major Cities (2-4 Days Nationwide)"
"pel-9","Refrigerators & Freezers","PEL Digitron Ultra Inverter Curved Glassdoor Refrigerator","108900","117600","Digitron Smart Inverter","/images/products/pel-digitron-inverteron-refrigerator-1.jpg","[""/images/products/pel-digitron-inverteron-refrigerator-1.jpg"",""/images/products/pel-digitron-inverteron-refrigerator-2.jpg"",""/images/products/pel-digitron-inverteron-refrigerator-3.png"",""/images/products/pel-digitron-inverteron-refrigerator-4.png"",""/images/products/pel-digitron-inverteron-refrigerator-5.png"",""/images/products/pel-digitron-inverteron-refrigerator-6.png"",""/images/products/pel-digitron-inverteron-refrigerator-7.png"",""/images/products/pel-digitron-inverteron-refrigerator-8.png"",""/images/products/pel-digitron-inverteron-refrigerator-9.png"",""/images/products/pel-digitron-inverteron-refrigerator-10.png"",""/images/products/pel-digitron-inverteron-refrigerator-11.png"",""/images/products/pel-digitron-inverteron-refrigerator-12.png"",""/images/products/pel-digitron-inverteron-refrigerator-13.png"",""/images/products/pel-digitron-inverteron-refrigerator-14.png""]","{""Capacity / Series"":""6370 (310 LTR) / 6470 (334 LTR) / 21970 (382 LTR) / 22270 (408 LTR)"",""Cooling System"":""InverterOn Variable Speed Smart Cooling"",""Insulation"":""High-Density Thick PUF for 6+ Hours Cold Retention"",""Voltage Stabilizer"":""Built-in LVS (Works from 100V to 260V)"",""Shelves & Gasket"":""Toughened Glass / Food Grade Anti-Bacterial""}","[""Red Blaze"",""Silver Strip Grey"",""Silver Strip Black""]","10 Years Compressor + 1 Year Parts Warranty","Free Insured Delivery in Faisalabad & Major Cities (2-4 Days Nationwide)"
"pel-10","Refrigerators & Freezers","PEL InverterOn Flat Glass Door Refrigerator","89900","97100","Mirror Glass Door","/images/products/pel-inverteron-flat-glass-door-refrigerator-1.png","[""/images/products/pel-inverteron-flat-glass-door-refrigerator-1.png"",""/images/products/pel-inverteron-flat-glass-door-refrigerator-2.png"",""/images/products/pel-inverteron-flat-glass-door-refrigerator-3.png"",""/images/products/pel-inverteron-flat-glass-door-refrigerator-4.png"",""/images/products/pel-inverteron-flat-glass-door-refrigerator-5.png"",""/images/products/pel-inverteron-flat-glass-door-refrigerator-6.png"",""/images/products/pel-inverteron-flat-glass-door-refrigerator-7.png"",""/images/products/pel-inverteron-flat-glass-door-refrigerator-8.png"",""/images/products/pel-inverteron-flat-glass-door-refrigerator-9.png"",""/images/products/pel-inverteron-flat-glass-door-refrigerator-10.png"",""/images/products/pel-inverteron-flat-glass-door-refrigerator-11.png"",""/images/products/pel-inverteron-flat-glass-door-refrigerator-12.png"",""/images/products/pel-inverteron-flat-glass-door-refrigerator-13.png"",""/images/products/pel-inverteron-flat-glass-door-refrigerator-14.png"",""/images/products/pel-inverteron-flat-glass-door-refrigerator-15.png"",""/images/products/pel-inverteron-flat-glass-door-refrigerator-16.png""]","{""Capacity / Series"":""2350 (240 LTR) / 2550 (260 LTR) / 6370 (310 LTR) / 6470 (334 LTR) / 21870 (354 LTR) / 22270 (408 LTR)"",""Cooling System"":""InverterOn Variable Speed Smart Cooling"",""Insulation"":""High-Density Thick PUF for 6+ Hours Cold Retention"",""Voltage Stabilizer"":""Built-in LVS (Works from 100V to 260V)"",""Shelves & Gasket"":""Toughened Glass / Food Grade Anti-Bacterial""}","[""Maroon Blaze"",""Hazel Red Blaze"",""Koriyan Glass""]","10 Years Compressor + 1 Year Parts Warranty","Free Insured Delivery in Faisalabad & Major Cities (2-4 Days Nationwide)"
"pel-11","Air Conditioners","PEL InverterOn Sublime Neo T3 (H&C) Air Conditioner","120900","130600","T3 Full DC Inverter","/images/products/pel-inverteron-sublime-neo-t3-h-c-air-conditioner-1.png","[""/images/products/pel-inverteron-sublime-neo-t3-h-c-air-conditioner-1.png"",""/images/products/pel-inverteron-sublime-neo-t3-h-c-air-conditioner-2.png"",""/images/products/pel-inverteron-sublime-neo-t3-h-c-air-conditioner-3.png""]","{""Capacity / Tonnage"":""1 Ton / 1.5 Ton"",""Compressor"":""T3 Extreme Climate Full DC Inverter"",""Cooling & Heating"":""Heat & Cool (All Seasons)"",""Low Voltage Startup"":""Operates down to 140V without stabilizer"",""Energy Saving"":""Up to 65% - 75% Electricity Saving"",""Refrigerant"":""Eco-Friendly R410A / R32 Gas""}","[""White""]","10 Years Compressor + 1 Year Parts & Free Installation Kit","Free Insured Delivery in Faisalabad & Major Cities (2-4 Days Nationwide)"
"pel-12","Air Conditioners","PEL InverterOn Jumbo DC Prime Plus Wifi T3 (H&C) Air Conditioner","138900","150000","T3 InverterOn","/images/products/pel-inverteron-jumbo-dc-prime-plus-wifi-t3-h-c-air-conditioner-1.png","[""/images/products/pel-inverteron-jumbo-dc-prime-plus-wifi-t3-h-c-air-conditioner-1.png"",""/images/products/pel-inverteron-jumbo-dc-prime-plus-wifi-t3-h-c-air-conditioner-2.png"",""/images/products/pel-inverteron-jumbo-dc-prime-plus-wifi-t3-h-c-air-conditioner-3.png""]","{""Capacity / Tonnage"":""1 Ton / 1.5 Ton"",""Compressor"":""T3 Extreme Climate Full DC Inverter"",""Cooling & Heating"":""Heat & Cool (All Seasons)"",""Low Voltage Startup"":""Operates down to 140V without stabilizer"",""Energy Saving"":""Up to 65% - 75% Electricity Saving"",""Refrigerant"":""Eco-Friendly R410A / R32 Gas""}","[""White""]","10 Years Compressor + 1 Year Parts & Free Installation Kit","Free Insured Delivery in Faisalabad & Major Cities (2-4 Days Nationwide)"
"pel-13","Air Conditioners","PEL InverterOn Cool Breeze Air Conditioner (Cool Only)","98900","106800","T3 Full DC Inverter","/images/products/pel-cool-breeze-air-conditioner-inv-cool-only-1.png","[""/images/products/pel-cool-breeze-air-conditioner-inv-cool-only-1.png"",""/images/products/pel-cool-breeze-air-conditioner-inv-cool-only-2.png"",""/images/products/pel-cool-breeze-air-conditioner-inv-cool-only-3.png"",""/images/products/pel-cool-breeze-air-conditioner-inv-cool-only-4.png""]","{""Capacity / Tonnage"":""1.0 Ton / 1.5 Ton / 2.0 Ton"",""Compressor"":""T3 Extreme Climate Full DC Inverter"",""Cooling & Heating"":""Cool Only (Eco Saver)"",""Low Voltage Startup"":""Operates down to 140V without stabilizer"",""Energy Saving"":""Up to 65% - 75% Electricity Saving"",""Refrigerant"":""Eco-Friendly R410A / R32 Gas""}","[""1 Ton"",""1.5 Ton""]","10 Years Compressor + 1 Year Parts & Free Installation Kit","Free Insured Delivery in Faisalabad & Major Cities (2-4 Days Nationwide)"
"pel-14","Air Conditioners","PEL InverterOn ATOM (H&C) Air Conditioner","97900","105700","T3 Full DC Inverter","/images/products/pel-inverteron-atom-h-c-air-conditioner-1.png","[""/images/products/pel-inverteron-atom-h-c-air-conditioner-1.png"",""/images/products/pel-inverteron-atom-h-c-air-conditioner-2.png"",""/images/products/pel-inverteron-atom-h-c-air-conditioner-3.png""]","{""Capacity / Tonnage"":""1.0 Ton / 1.5 Ton / 2.0 Ton"",""Compressor"":""T3 Extreme Climate Full DC Inverter"",""Cooling & Heating"":""Heat & Cool (All Seasons)"",""Low Voltage Startup"":""Operates down to 140V without stabilizer"",""Energy Saving"":""Up to 65% - 75% Electricity Saving"",""Refrigerant"":""Eco-Friendly R410A / R32 Gas""}","[""1 Ton"",""1.5 Ton""]","10 Years Compressor + 1 Year Parts & Free Installation Kit","Free Insured Delivery in Faisalabad & Major Cities (2-4 Days Nationwide)"
"pel-15","Water Dispensers","PEL 425 3Taps Straight Glass Door Water Dispenser","39500","42700","3-Tap Tempered Glass","/images/products/pel-425-3taps-straight-glass-door-water-dispenser-1.png","[""/images/products/pel-425-3taps-straight-glass-door-water-dispenser-1.png"",""/images/products/pel-425-3taps-straight-glass-door-water-dispenser-2.png"",""/images/products/pel-425-3taps-straight-glass-door-water-dispenser-3.png"",""/images/products/pel-425-3taps-straight-glass-door-water-dispenser-4.png"",""/images/products/pel-425-3taps-straight-glass-door-water-dispenser-5.png"",""/images/products/pel-425-3taps-straight-glass-door-water-dispenser-6.png"",""/images/products/pel-425-3taps-straight-glass-door-water-dispenser-7.png"",""/images/products/pel-425-3taps-straight-glass-door-water-dispenser-8.png"",""/images/products/pel-425-3taps-straight-glass-door-water-dispenser-9.png"",""/images/products/pel-425-3taps-straight-glass-door-water-dispenser-10.png"",""/images/products/pel-425-3taps-straight-glass-door-water-dispenser-11.png"",""/images/products/pel-425-3taps-straight-glass-door-water-dispenser-12.png"",""/images/products/pel-425-3taps-straight-glass-door-water-dispenser-13.png""]","{""Taps"":""3 Taps (Instant Cold, Normal, Piping Hot)"",""Tank Material"":""100% Rust-Proof Food-Grade Stainless Steel SS304"",""Refrigerator Cabinet"":""Spacious Chilled Lower Cabinet"",""Safety"":""Child Safety Lock on Hot Water Faucet"",""Compressor"":""High-Efficiency Tropical Cooling Compressor""}","[""Marine Impression"",""Red Blaze"",""Maroon Blaze""]","3 Years Compressor + 1 Year Parts Official Warranty","Free Insured Delivery in Faisalabad & Major Cities (2-4 Days Nationwide)"
"pel-16","Water Dispensers","PEL 525 3Taps Curved Glass Door Water Dispenser","40500","43700","3-Tap Tempered Glass","/images/products/pel-525-3taps-curved-glass-door-water-dispenser-1.png","[""/images/products/pel-525-3taps-curved-glass-door-water-dispenser-1.png"",""/images/products/pel-525-3taps-curved-glass-door-water-dispenser-2.png"",""/images/products/pel-525-3taps-curved-glass-door-water-dispenser-3.png"",""/images/products/pel-525-3taps-curved-glass-door-water-dispenser-4.png"",""/images/products/pel-525-3taps-curved-glass-door-water-dispenser-5.png"",""/images/products/pel-525-3taps-curved-glass-door-water-dispenser-6.png"",""/images/products/pel-525-3taps-curved-glass-door-water-dispenser-7.png"",""/images/products/pel-525-3taps-curved-glass-door-water-dispenser-8.png"",""/images/products/pel-525-3taps-curved-glass-door-water-dispenser-9.png"",""/images/products/pel-525-3taps-curved-glass-door-water-dispenser-10.png"",""/images/products/pel-525-3taps-curved-glass-door-water-dispenser-11.png"",""/images/products/pel-525-3taps-curved-glass-door-water-dispenser-12.png"",""/images/products/pel-525-3taps-curved-glass-door-water-dispenser-13.png"",""/images/products/pel-525-3taps-curved-glass-door-water-dispenser-14.png""]","{""Taps"":""3 Taps (Instant Cold, Normal, Piping Hot)"",""Tank Material"":""100% Rust-Proof Food-Grade Stainless Steel SS304"",""Refrigerator Cabinet"":""Spacious Chilled Lower Cabinet"",""Safety"":""Child Safety Lock on Hot Water Faucet"",""Compressor"":""High-Efficiency Tropical Cooling Compressor""}","[""Hazel Red Blaze"",""Red Blaze"",""Grey Blaze""]","3 Years Compressor + 1 Year Parts Official Warranty","Free Insured Delivery in Faisalabad & Major Cities (2-4 Days Nationwide)"
"pel-17","Smart LED TVs","PEL QLED 43 Smart Google Bezel-less LED TV","81900","88500","4K Quantum QLED Google TV","/images/products/pel-qled-43-smart-google-bezel-less-led-tv-1.png","[""/images/products/pel-qled-43-smart-google-bezel-less-led-tv-1.png""]","{""Display Technology"":""Quantum Dot 4K QLED Panel (1 Billion Colors)"",""Resolution"":""4K Ultra HD (3840 x 2160 Pixels)"",""Operating System"":""Official Google TV OS with Google Assistant & Chromecast"",""Audio"":""Dolby Audio 24W Cinematic Stereo Speakers"",""Connectivity"":""Dual-Band Wi-Fi, Bluetooth 5.0, 3x HDMI, 2x USB""}","[""43 Inch""]","2 Years Panel + 1 Year Parts Official Warranty","Free Insured Delivery in Faisalabad & Major Cities (2-4 Days Nationwide)"
"pel-18","Microwave Ovens","PEL Kitchen Pro 30 LTR Inverter Convection + Air Fryer Microwave Oven","62900","67900","Convection + Air Fryer","/images/products/pel-kitchen-pro-30-ltr-microwave-oven-1.png","[""/images/products/pel-kitchen-pro-30-ltr-microwave-oven-1.png"",""/images/products/pel-kitchen-pro-30-ltr-microwave-oven-2.png"",""/images/products/pel-kitchen-pro-30-ltr-microwave-oven-3.png"",""/images/products/pel-kitchen-pro-30-ltr-microwave-oven-4.png""]","{""Capacity"":""20L, 23L, 28L, 30L"",""Cooking Modes"":""Convection, 360° Air Frying, Grill, Defrost"",""Controls"":""Digital Touch LED Panel"",""Auto Cook Menus"":""Built-in Pakistani Recipe Presets""}","[""Default Title""]","2 Years Magnetron + 1 Year Parts Official Warranty","Free Insured Delivery in Faisalabad & Major Cities (2-4 Days Nationwide)"
"pel-19","Microwave Ovens","PEL Kitchen Pro 26 LTR Convection + Air Fryer Microwave Oven","47900","51700","Convection + Air Fryer","/images/products/pel-kitchen-pro-26-ltr-microwave-oven-1.png","[""/images/products/pel-kitchen-pro-26-ltr-microwave-oven-1.png"",""/images/products/pel-kitchen-pro-26-ltr-microwave-oven-2.png"",""/images/products/pel-kitchen-pro-26-ltr-microwave-oven-3.png"",""/images/products/pel-kitchen-pro-26-ltr-microwave-oven-4.png""]","{""Capacity"":""20L, 23L, 28L, 30L"",""Cooking Modes"":""Convection, 360° Air Frying, Grill, Defrost"",""Controls"":""Digital Touch LED Panel"",""Auto Cook Menus"":""Built-in Pakistani Recipe Presets""}","[""Default Title""]","2 Years Magnetron + 1 Year Parts Official Warranty","Free Insured Delivery in Faisalabad & Major Cities (2-4 Days Nationwide)"
"pel-20","Microwave Ovens","PEL Kitchen Pro 28 LTR Grill Microwave Oven","33900","36600","Grill & Roast","/images/products/pel-kitchen-pro-28-ltr-microwave-oven-1.png","[""/images/products/pel-kitchen-pro-28-ltr-microwave-oven-1.png"",""/images/products/pel-kitchen-pro-28-ltr-microwave-oven-2.png"",""/images/products/pel-kitchen-pro-28-ltr-microwave-oven-3.png"",""/images/products/pel-kitchen-pro-28-ltr-microwave-oven-4.png""]","{""Capacity"":""20L, 23L, 28L, 30L"",""Cooking Modes"":""Microwave + Quartz Grill Combination"",""Controls"":""Digital Touch LED Panel"",""Auto Cook Menus"":""Built-in Pakistani Recipe Presets""}","[""Default Title""]","2 Years Magnetron + 1 Year Parts Official Warranty","Free Insured Delivery in Faisalabad & Major Cities (2-4 Days Nationwide)"
"pel-21","Microwave Ovens","PEL Kitchen Pro 23 LTR Grill Microwave Oven","30900","33400","Grill & Roast","/images/products/pel-kitchen-pro-23-ltr-microwave-oven-1.png","[""/images/products/pel-kitchen-pro-23-ltr-microwave-oven-1.png"",""/images/products/pel-kitchen-pro-23-ltr-microwave-oven-2.png"",""/images/products/pel-kitchen-pro-23-ltr-microwave-oven-3.png"",""/images/products/pel-kitchen-pro-23-ltr-microwave-oven-4.png""]","{""Capacity"":""20L, 23L, 28L, 30L"",""Cooking Modes"":""Microwave + Quartz Grill Combination"",""Controls"":""Digital Touch LED Panel"",""Auto Cook Menus"":""Built-in Pakistani Recipe Presets""}","[""Default Title""]","2 Years Magnetron + 1 Year Parts Official Warranty","Free Insured Delivery in Faisalabad & Major Cities (2-4 Days Nationwide)"
"pel-22","Air Conditioners","PEL InverterOn Prismo T3 (H&C) Air Conditioner","128900","139200","T3 Full DC Inverter","/images/products/pel-inverteron-prismo-t3-h-c-air-conditioner-1.png","[""/images/products/pel-inverteron-prismo-t3-h-c-air-conditioner-1.png"",""/images/products/pel-inverteron-prismo-t3-h-c-air-conditioner-2.png"",""/images/products/pel-inverteron-prismo-t3-h-c-air-conditioner-3.png""]","{""Capacity / Tonnage"":""1.0 Ton / 1.5 Ton / 2.0 Ton"",""Compressor"":""T3 Extreme Climate Full DC Inverter"",""Cooling & Heating"":""Heat & Cool (All Seasons)"",""Low Voltage Startup"":""Operates down to 140V without stabilizer"",""Energy Saving"":""Up to 65% - 75% Electricity Saving"",""Refrigerant"":""Eco-Friendly R410A / R32 Gas""}","[""1 Ton"",""1.5 Ton"",""2 Ton""]","10 Years Compressor + 1 Year Parts & Free Installation Kit","Free Insured Delivery in Faisalabad & Major Cities (2-4 Days Nationwide)"
"pel-23","Air Conditioners","PEL InverterOn Fit Cool T3 (H&C) Air Conditioner","128900","139200","T3 Full DC Inverter","/images/products/pel-inverteron-fit-cool-t3-h-c-air-conditioner-1.png","[""/images/products/pel-inverteron-fit-cool-t3-h-c-air-conditioner-1.png"",""/images/products/pel-inverteron-fit-cool-t3-h-c-air-conditioner-2.png"",""/images/products/pel-inverteron-fit-cool-t3-h-c-air-conditioner-3.png""]","{""Capacity / Tonnage"":""1.0 Ton / 1.5 Ton / 2.0 Ton"",""Compressor"":""T3 Extreme Climate Full DC Inverter"",""Cooling & Heating"":""Heat & Cool (All Seasons)"",""Low Voltage Startup"":""Operates down to 140V without stabilizer"",""Energy Saving"":""Up to 65% - 75% Electricity Saving"",""Refrigerant"":""Eco-Friendly R410A / R32 Gas""}","[""1 Ton"",""1.5 Ton"",""2 Ton""]","10 Years Compressor + 1 Year Parts & Free Installation Kit","Free Insured Delivery in Faisalabad & Major Cities (2-4 Days Nationwide)"
"pel-24","Smart LED TVs","Panasonic 75 LED 4K Google Certified (MX 740 Series)","339900","367100","Panasonic 4K HDR Google TV","/images/products/panasonic-75-led-4k-google-certified-mx-740-series-1.png","[""/images/products/panasonic-75-led-4k-google-certified-mx-740-series-1.png"",""/images/products/panasonic-75-led-4k-google-certified-mx-740-series-2.png"",""/images/products/panasonic-75-led-4k-google-certified-mx-740-series-3.png"",""/images/products/panasonic-75-led-4k-google-certified-mx-740-series-4.png""]","{""Display Technology"":""IPS Ultra HD A+ Grade Frameless Panel"",""Resolution"":""4K Ultra HD (3840 x 2160 Pixels)"",""Operating System"":""Official Google TV OS with Google Assistant & Chromecast"",""Audio"":""Dolby Audio 24W Cinematic Stereo Speakers"",""Connectivity"":""Dual-Band Wi-Fi, Bluetooth 5.0, 3x HDMI, 2x USB""}","[""Default Title""]","2 Years Panel + 1 Year Parts Official Warranty","Free Insured Delivery in Faisalabad & Major Cities (2-4 Days Nationwide)"
"pel-25","Smart LED TVs","PEL QLED 50 Smart Google Bezel-less LED TV","111900","120900","4K Quantum QLED Google TV","/images/products/pel-qled-50-smart-google-bezel-less-led-tv-1.png","[""/images/products/pel-qled-50-smart-google-bezel-less-led-tv-1.png"",""/images/products/pel-qled-50-smart-google-bezel-less-led-tv-2.png""]","{""Display Technology"":""Quantum Dot 4K QLED Panel (1 Billion Colors)"",""Resolution"":""4K Ultra HD (3840 x 2160 Pixels)"",""Operating System"":""Official Google TV OS with Google Assistant & Chromecast"",""Audio"":""Dolby Audio 24W Cinematic Stereo Speakers"",""Connectivity"":""Dual-Band Wi-Fi, Bluetooth 5.0, 3x HDMI, 2x USB""}","[""50 Inch""]","2 Years Panel + 1 Year Parts Official Warranty","Free Insured Delivery in Faisalabad & Major Cities (2-4 Days Nationwide)"
"pel-26","Smart LED TVs","PEL QLED 32 Smart Google Bezel-less LED TV","53900","58200","4K Quantum QLED Google TV","/images/products/pel-qled-32-smart-google-bezel-less-led-tv-1.png","[""/images/products/pel-qled-32-smart-google-bezel-less-led-tv-1.png"",""/images/products/pel-qled-32-smart-google-bezel-less-led-tv-2.png""]","{""Display Technology"":""Quantum Dot 4K QLED Panel (1 Billion Colors)"",""Resolution"":""HD Ready (1366 x 768)"",""Operating System"":""Official Google TV OS with Google Assistant & Chromecast"",""Audio"":""Dolby Audio 24W Cinematic Stereo Speakers"",""Connectivity"":""Dual-Band Wi-Fi, Bluetooth 5.0, 3x HDMI, 2x USB""}","[""32 Inch""]","2 Years Panel + 1 Year Parts Official Warranty","Free Insured Delivery in Faisalabad & Major Cities (2-4 Days Nationwide)"
"pel-27","Air Conditioners","PEL InverterOn Jumbo X T3 (H&C) Air Conditioner","134900","145700","T3 InverterOn","/images/products/pel-inverteron-jumbo-x-t3-h-c-air-conditioner-1.png","[""/images/products/pel-inverteron-jumbo-x-t3-h-c-air-conditioner-1.png"",""/images/products/pel-inverteron-jumbo-x-t3-h-c-air-conditioner-2.png""]","{""Capacity / Tonnage"":""Black"",""Compressor"":""T3 Extreme Climate Full DC Inverter"",""Cooling & Heating"":""Heat & Cool (All Seasons)"",""Low Voltage Startup"":""Operates down to 140V without stabilizer"",""Energy Saving"":""Up to 65% - 75% Electricity Saving"",""Refrigerant"":""Eco-Friendly R410A / R32 Gas""}","[""1 Ton"",""1.5 Ton"",""2 Ton""]","10 Years Compressor + 1 Year Parts & Free Installation Kit","Free Insured Delivery in Faisalabad & Major Cities (2-4 Days Nationwide)"
"pel-28","Air Conditioners","PEL InverterOn Fit Graphite T3 (H&C) Air Conditioner","128900","139200","T3 Full DC Inverter","/images/products/pel-inverteron-fit-graphite-air-conditioner-1.png","[""/images/products/pel-inverteron-fit-graphite-air-conditioner-1.png"",""/images/products/pel-inverteron-fit-graphite-air-conditioner-2.png"",""/images/products/pel-inverteron-fit-graphite-air-conditioner-3.png""]","{""Capacity / Tonnage"":""1.0 Ton / 1.5 Ton / 2.0 Ton"",""Compressor"":""T3 Extreme Climate Full DC Inverter"",""Cooling & Heating"":""Heat & Cool (All Seasons)"",""Low Voltage Startup"":""Operates down to 140V without stabilizer"",""Energy Saving"":""Up to 65% - 75% Electricity Saving"",""Refrigerant"":""Eco-Friendly R410A / R32 Gas""}","[""1 Ton"",""1.5 Ton"",""2 Ton""]","10 Years Compressor + 1 Year Parts & Free Installation Kit","Free Insured Delivery in Faisalabad & Major Cities (2-4 Days Nationwide)"
"pel-29","Smart LED TVs","Panasonic 65 LED 4K Google Certified (MX 740 Series)","233900","252600","Panasonic 4K HDR Google TV","/images/products/panasonic-65-led-4k-google-certified-mx-740-series-1.png","[""/images/products/panasonic-65-led-4k-google-certified-mx-740-series-1.png"",""/images/products/panasonic-65-led-4k-google-certified-mx-740-series-2.png"",""/images/products/panasonic-65-led-4k-google-certified-mx-740-series-3.png"",""/images/products/panasonic-65-led-4k-google-certified-mx-740-series-4.png"",""/images/products/panasonic-65-led-4k-google-certified-mx-740-series-5.png"",""/images/products/panasonic-65-led-4k-google-certified-mx-740-series-6.png""]","{""Display Technology"":""IPS Ultra HD A+ Grade Frameless Panel"",""Resolution"":""4K Ultra HD (3840 x 2160 Pixels)"",""Operating System"":""Official Google TV OS with Google Assistant & Chromecast"",""Audio"":""Dolby Audio 24W Cinematic Stereo Speakers"",""Connectivity"":""Dual-Band Wi-Fi, Bluetooth 5.0, 3x HDMI, 2x USB""}","[""Default Title""]","2 Years Panel + 1 Year Parts Official Warranty","Free Insured Delivery in Faisalabad & Major Cities (2-4 Days Nationwide)"
"pel-30","Smart LED TVs","Panasonic 55 LED 4K Google Certified (MX 740 Series)","142000","153400","Panasonic 4K HDR Google TV","/images/products/panasonic-55-led-4k-google-certified-mx-740-series-1.png","[""/images/products/panasonic-55-led-4k-google-certified-mx-740-series-1.png"",""/images/products/panasonic-55-led-4k-google-certified-mx-740-series-2.png"",""/images/products/panasonic-55-led-4k-google-certified-mx-740-series-3.png"",""/images/products/panasonic-55-led-4k-google-certified-mx-740-series-4.png"",""/images/products/panasonic-55-led-4k-google-certified-mx-740-series-5.png"",""/images/products/panasonic-55-led-4k-google-certified-mx-740-series-6.png""]","{""Display Technology"":""IPS Ultra HD A+ Grade Frameless Panel"",""Resolution"":""4K Ultra HD (3840 x 2160 Pixels)"",""Operating System"":""Official Google TV OS with Google Assistant & Chromecast"",""Audio"":""Dolby Audio 24W Cinematic Stereo Speakers"",""Connectivity"":""Dual-Band Wi-Fi, Bluetooth 5.0, 3x HDMI, 2x USB""}","[""Default Title""]","2 Years Panel + 1 Year Parts Official Warranty","Free Insured Delivery in Faisalabad & Major Cities (2-4 Days Nationwide)"
"pel-31","Air Conditioners","PEL InverterOn Ultimate 4 Ton Floor Standing Air Conditioner","514900","556100","Commercial 4-Ton","/images/products/pel-inverteron-ultimate-4-ton-floor-standing-air-conditioner-1.png","[""/images/products/pel-inverteron-ultimate-4-ton-floor-standing-air-conditioner-1.png"",""/images/products/pel-inverteron-ultimate-4-ton-floor-standing-air-conditioner-2.png""]","{""Capacity / Tonnage"":""1.0 Ton / 1.5 Ton / 2.0 Ton"",""Compressor"":""T3 Extreme Climate Full DC Inverter"",""Cooling & Heating"":""Heat & Cool (All Seasons)"",""Low Voltage Startup"":""Operates down to 140V without stabilizer"",""Energy Saving"":""Up to 65% - 75% Electricity Saving"",""Refrigerant"":""Eco-Friendly R410A / R32 Gas""}","[""4 Ton""]","10 Years Compressor + 1 Year Parts & Free Installation Kit","Free Insured Delivery in Faisalabad & Major Cities (2-4 Days Nationwide)"
"pel-32","Air Conditioners","PEL InverterOn Supreme Round Air Conditioner","309900","334700","T3 Full DC Inverter","/images/products/pel-inverteron-supreme-round-air-conditioner-1.png","[""/images/products/pel-inverteron-supreme-round-air-conditioner-1.png""]","{""Capacity / Tonnage"":""1.0 Ton / 1.5 Ton / 2.0 Ton"",""Compressor"":""T3 Extreme Climate Full DC Inverter"",""Cooling & Heating"":""Heat & Cool (All Seasons)"",""Low Voltage Startup"":""Operates down to 140V without stabilizer"",""Energy Saving"":""Up to 65% - 75% Electricity Saving"",""Refrigerant"":""Eco-Friendly R410A / R32 Gas""}","[""2 Ton""]","10 Years Compressor + 1 Year Parts & Free Installation Kit","Free Insured Delivery in Faisalabad & Major Cities (2-4 Days Nationwide)"
"pel-33","Air Conditioners","PEL InverterOn Bold + Air Conditioner","279900","302300","T3 Full DC Inverter","/images/products/pel-inverteron-bold-air-conditioner-1.png","[""/images/products/pel-inverteron-bold-air-conditioner-1.png""]","{""Capacity / Tonnage"":""1.0 Ton / 1.5 Ton / 2.0 Ton"",""Compressor"":""T3 Extreme Climate Full DC Inverter"",""Cooling & Heating"":""Heat & Cool (All Seasons)"",""Low Voltage Startup"":""Operates down to 140V without stabilizer"",""Energy Saving"":""Up to 65% - 75% Electricity Saving"",""Refrigerant"":""Eco-Friendly R410A / R32 Gas""}","[""2 Ton""]","10 Years Compressor + 1 Year Parts & Free Installation Kit","Free Insured Delivery in Faisalabad & Major Cities (2-4 Days Nationwide)"
"pel-34","Smart LED TVs","PEL HD 32 Non Smart Bezel-less LED TV","37900","40900","Frameless Bezel-less","/images/products/pel-hd-32-non-smart-bezel-less-led-tv-1.png","[""/images/products/pel-hd-32-non-smart-bezel-less-led-tv-1.png""]","{""Display Technology"":""IPS Ultra HD A+ Grade Frameless Panel"",""Resolution"":""HD Ready (1366 x 768)"",""Operating System"":""Multimedia Player OS"",""Audio"":""Dolby Audio 24W Cinematic Stereo Speakers"",""Connectivity"":""Dual-Band Wi-Fi, Bluetooth 5.0, 3x HDMI, 2x USB""}","[""32 Inch""]","2 Years Panel + 1 Year Parts Official Warranty","Free Insured Delivery in Faisalabad & Major Cities (2-4 Days Nationwide)"
"pel-35","Smart LED TVs","PEL QLED 58 Smart Google Bezel-less LED TV","130900","141400","4K Quantum QLED Google TV","/images/products/pel-hdf-55-smart-google-pld-uhd-4k-1.png","[""/images/products/pel-hdf-55-smart-google-pld-uhd-4k-1.png"",""/images/products/pel-hdf-55-smart-google-pld-uhd-4k-2.png""]","{""Display Technology"":""Quantum Dot 4K QLED Panel (1 Billion Colors)"",""Resolution"":""4K Ultra HD (3840 x 2160 Pixels)"",""Operating System"":""Official Google TV OS with Google Assistant & Chromecast"",""Audio"":""Dolby Audio 24W Cinematic Stereo Speakers"",""Connectivity"":""Dual-Band Wi-Fi, Bluetooth 5.0, 3x HDMI, 2x USB""}","[""58 Inch""]","2 Years Panel + 1 Year Parts Official Warranty","Free Insured Delivery in Faisalabad & Major Cities (2-4 Days Nationwide)"
"pel-36","Water Dispensers","PEL Table-Top Classic 115 Water Dispenser","29500","31900","3-Tap Instant Chilling","/images/products/pel-table-top-classic-115-water-dispenser-1.png","[""/images/products/pel-table-top-classic-115-water-dispenser-1.png"",""/images/products/pel-table-top-classic-115-water-dispenser-2.png"",""/images/products/pel-table-top-classic-115-water-dispenser-3.png""]","{""Taps"":""3 Taps (Instant Cold, Normal, Piping Hot)"",""Tank Material"":""100% Rust-Proof Food-Grade Stainless Steel SS304"",""Refrigerator Cabinet"":""Spacious Chilled Lower Cabinet"",""Safety"":""Child Safety Lock on Hot Water Faucet"",""Compressor"":""High-Efficiency Tropical Cooling Compressor""}","[""White""]","3 Years Compressor + 1 Year Parts Official Warranty","Free Insured Delivery in Faisalabad & Major Cities (2-4 Days Nationwide)"
"pel-37","Refrigerators & Freezers","PEL Glass Door Refrigerator Room Series","53900","58200","Mirror Glass Door","/images/products/pel-glass-door-refrigerator-room-series-1.jpg","[""/images/products/pel-glass-door-refrigerator-room-series-1.jpg"",""/images/products/pel-glass-door-refrigerator-room-series-2.jpg"",""/images/products/pel-glass-door-refrigerator-room-series-3.jpg"",""/images/products/pel-glass-door-refrigerator-room-series-4.jpg"",""/images/products/pel-glass-door-refrigerator-room-series-5.jpg"",""/images/products/pel-glass-door-refrigerator-room-series-6.jpg""]","{""Capacity / Series"":""1400 (140 LTR)"",""Cooling System"":""Direct Cool Deep Freeze Technology"",""Insulation"":""High-Density Thick PUF for 6+ Hours Cold Retention"",""Voltage Stabilizer"":""Built-in LVS (Works from 100V to 260V)"",""Shelves & Gasket"":""Toughened Glass / Food Grade Anti-Bacterial""}","[""Red Blaze"",""Pattern Mirror Impression""]","10 Years Compressor + 1 Year Parts Warranty","Free Insured Delivery in Faisalabad & Major Cities (2-4 Days Nationwide)"
"pel-38","Air Conditioners","PEL InverterOn AERO Extend (H&C) Air Conditioner","115900","125200","T3 Full DC Inverter","/images/products/pel-inverteron-aero-plus-air-conditioner-1.png","[""/images/products/pel-inverteron-aero-plus-air-conditioner-1.png"",""/images/products/pel-inverteron-aero-plus-air-conditioner-2.png"",""/images/products/pel-inverteron-aero-plus-air-conditioner-3.png""]","{""Capacity / Tonnage"":""1 Ton / 1.5 Ton"",""Compressor"":""T3 Extreme Climate Full DC Inverter"",""Cooling & Heating"":""Heat & Cool (All Seasons)"",""Low Voltage Startup"":""Operates down to 140V without stabilizer"",""Energy Saving"":""Up to 65% - 75% Electricity Saving"",""Refrigerant"":""Eco-Friendly R410A / R32 Gas""}","[""White""]","10 Years Compressor + 1 Year Parts & Free Installation Kit","Free Insured Delivery in Faisalabad & Major Cities (2-4 Days Nationwide)"
"pel-39","Air Conditioners","PEL InverterOn Turbo DC Ultimate T3 (H&C) Air Conditioner","128900","139200","Turbo DC Ultimate","/images/products/pel-inverteron-turbo-dc-ultimate-h-c-air-conditioner-1.png","[""/images/products/pel-inverteron-turbo-dc-ultimate-h-c-air-conditioner-1.png"",""/images/products/pel-inverteron-turbo-dc-ultimate-h-c-air-conditioner-2.png"",""/images/products/pel-inverteron-turbo-dc-ultimate-h-c-air-conditioner-3.png""]","{""Capacity / Tonnage"":""1 Ton / 1.5 Ton / 2 Ton"",""Compressor"":""T3 Extreme Climate Full DC Inverter"",""Cooling & Heating"":""Heat & Cool (All Seasons)"",""Low Voltage Startup"":""Operates down to 140V without stabilizer"",""Energy Saving"":""Up to 65% - 75% Electricity Saving"",""Refrigerant"":""Eco-Friendly R410A / R32 Gas""}","[""White""]","10 Years Compressor + 1 Year Parts & Free Installation Kit","Free Insured Delivery in Faisalabad & Major Cities (2-4 Days Nationwide)"
"pel-40","Microwave Ovens","PEL Chef Digital Microwave Oven","29900","32300","Preset Auto Menu","/images/products/pel-chef-microwave-oven-26-ltr-1.jpg","[""/images/products/pel-chef-microwave-oven-26-ltr-1.jpg"",""/images/products/pel-chef-microwave-oven-26-ltr-2.jpg"",""/images/products/pel-chef-microwave-oven-26-ltr-3.jpg"",""/images/products/pel-chef-microwave-oven-26-ltr-4.jpg"",""/images/products/pel-chef-microwave-oven-26-ltr-5.jpg""]","{""Capacity"":""Black"",""Cooking Modes"":""Solo Microwave Reheat & Speed Defrost"",""Controls"":""Digital Touch LED Panel"",""Auto Cook Menus"":""Built-in Pakistani Recipe Presets""}","[""23 L"",""26 L""]","2 Years Magnetron + 1 Year Parts Official Warranty","Free Insured Delivery in Faisalabad & Major Cities (2-4 Days Nationwide)"
"pel-41","Microwave Ovens","PEL Convection Microwave Oven","39900","43100","Convection + Air Fryer","/images/products/pel-convection-microwave-1.png","[""/images/products/pel-convection-microwave-1.png"",""/images/products/pel-convection-microwave-2.png""]","{""Capacity"":""20L, 23L, 28L, 30L"",""Cooking Modes"":""Solo Microwave Reheat & Speed Defrost"",""Controls"":""Digital Touch LED Panel"",""Auto Cook Menus"":""Built-in Pakistani Recipe Presets""}","[""25 LTR"",""30 LTR""]","2 Years Magnetron + 1 Year Parts Official Warranty","Free Insured Delivery in Faisalabad & Major Cities (2-4 Days Nationwide)"
"pel-42","Microwave Ovens","PEL Silver Line 23 LTR Microwave Oven Digital","27900","30100","Preset Auto Menu","/images/products/pel-silver-line-microwave-digital-1.png","[""/images/products/pel-silver-line-microwave-digital-1.png"",""/images/products/pel-silver-line-microwave-digital-2.png""]","{""Capacity"":""23 LTR"",""Cooking Modes"":""Solo Microwave Reheat & Speed Defrost"",""Controls"":""Digital Touch LED Panel"",""Auto Cook Menus"":""Built-in Pakistani Recipe Presets""}","[""Black""]","2 Years Magnetron + 1 Year Parts Official Warranty","Free Insured Delivery in Faisalabad & Major Cities (2-4 Days Nationwide)"
"pel-43","Air Conditioners","Panasonic XKF Inverter T3 (H&C) Air Conditioner","146900","158700","T3 Full DC Inverter","/images/products/panasonic-inverter-air-conditioner-1.png","[""/images/products/panasonic-inverter-air-conditioner-1.png"",""/images/products/panasonic-inverter-air-conditioner-2.png"",""/images/products/panasonic-inverter-air-conditioner-3.png"",""/images/products/panasonic-inverter-air-conditioner-4.png"",""/images/products/panasonic-inverter-air-conditioner-5.png""]","{""Capacity / Tonnage"":""1 Ton / 1.5 Ton / 2 Ton"",""Compressor"":""T3 Extreme Climate Full DC Inverter"",""Cooling & Heating"":""Heat & Cool (All Seasons)"",""Low Voltage Startup"":""Operates down to 140V without stabilizer"",""Energy Saving"":""Up to 65% - 75% Electricity Saving"",""Refrigerant"":""Eco-Friendly R410A / R32 Gas""}","[""White""]","10 Years Compressor + 1 Year Parts & Free Installation Kit","Free Insured Delivery in Faisalabad & Major Cities (2-4 Days Nationwide)"
"pel-44","Air Conditioners","PEL InverterOn Jumbo DC Prime Wifi T3 (H&C) Air Conditioner","138900","150000","T3 InverterOn","/images/products/pel-inverteron-jumbo-dc-prime-wifi-t3-air-conditioner-1.png","[""/images/products/pel-inverteron-jumbo-dc-prime-wifi-t3-air-conditioner-1.png"",""/images/products/pel-inverteron-jumbo-dc-prime-wifi-t3-air-conditioner-2.png"",""/images/products/pel-inverteron-jumbo-dc-prime-wifi-t3-air-conditioner-3.png""]","{""Capacity / Tonnage"":""1 Ton / 1.5 Ton / 2 Ton"",""Compressor"":""T3 Extreme Climate Full DC Inverter"",""Cooling & Heating"":""Heat & Cool (All Seasons)"",""Low Voltage Startup"":""Operates down to 140V without stabilizer"",""Energy Saving"":""Up to 65% - 75% Electricity Saving"",""Refrigerant"":""Eco-Friendly R410A / R32 Gas""}","[""White""]","10 Years Compressor + 1 Year Parts & Free Installation Kit","Free Insured Delivery in Faisalabad & Major Cities (2-4 Days Nationwide)"
"pel-45","Refrigerators & Freezers","PEL Vertical Deep Freezer","89900","97100","Vertical Multi-Drawer","/images/products/pel-vertical-deep-freezer-1.png","[""/images/products/pel-vertical-deep-freezer-1.png"",""/images/products/pel-vertical-deep-freezer-2.jpg"",""/images/products/pel-vertical-deep-freezer-3.png"",""/images/products/pel-vertical-deep-freezer-4.png"",""/images/products/pel-vertical-deep-freezer-5.png"",""/images/products/pel-vertical-deep-freezer-6.png""]","{""Capacity / Series"":""6D (239 LTR) / 7D (281 LTR)"",""Cooling System"":""Direct Cool Deep Freeze Technology"",""Insulation"":""High-Density Thick PUF for 6+ Hours Cold Retention"",""Voltage Stabilizer"":""Built-in LVS (Works from 100V to 260V)"",""Shelves & Gasket"":""Toughened Glass / Food Grade Anti-Bacterial""}","[""Grey""]","10 Years Compressor + 1 Year Parts Warranty","Free Insured Delivery in Faisalabad & Major Cities (2-4 Days Nationwide)"
"pel-46","Refrigerators & Freezers","PEL Arctic Pro Deep Freezer - Twin Door","89900","97100","Sub-Zero Arctic Freezing","/images/products/pel-arctic-pro-deep-freezer-twin-door-1.png","[""/images/products/pel-arctic-pro-deep-freezer-twin-door-1.png"",""/images/products/pel-arctic-pro-deep-freezer-twin-door-2.png"",""/images/products/pel-arctic-pro-deep-freezer-twin-door-3.png"",""/images/products/pel-arctic-pro-deep-freezer-twin-door-4.png"",""/images/products/pel-arctic-pro-deep-freezer-twin-door-5.png"",""/images/products/pel-arctic-pro-deep-freezer-twin-door-6.png"",""/images/products/pel-arctic-pro-deep-freezer-twin-door-7.png"",""/images/products/pel-arctic-pro-deep-freezer-twin-door-8.png"",""/images/products/pel-arctic-pro-deep-freezer-twin-door-9.png""]","{""Capacity / Series"":""135 (370 LTR) / 155 (410 LTR)"",""Cooling System"":""Direct Cool Deep Freeze Technology"",""Insulation"":""High-Density Thick PUF for 6+ Hours Cold Retention"",""Voltage Stabilizer"":""Built-in LVS (Works from 100V to 260V)"",""Shelves & Gasket"":""Toughened Glass / Food Grade Anti-Bacterial""}","[""White"",""Light Grey""]","10 Years Compressor + 1 Year Parts Warranty","Free Insured Delivery in Faisalabad & Major Cities (2-4 Days Nationwide)"
"pel-47","Refrigerators & Freezers","PEL Arctic Pro Deep Freezer - Single Door","76900","83100","Sub-Zero Arctic Freezing","/images/products/pel-arctic-pro-deep-freezer-single-door-1.png","[""/images/products/pel-arctic-pro-deep-freezer-single-door-1.png"",""/images/products/pel-arctic-pro-deep-freezer-single-door-2.png"",""/images/products/pel-arctic-pro-deep-freezer-single-door-3.png"",""/images/products/pel-arctic-pro-deep-freezer-single-door-4.png"",""/images/products/pel-arctic-pro-deep-freezer-single-door-5.png"",""/images/products/pel-arctic-pro-deep-freezer-single-door-6.png"",""/images/products/pel-arctic-pro-deep-freezer-single-door-7.png"",""/images/products/pel-arctic-pro-deep-freezer-single-door-8.png"",""/images/products/pel-arctic-pro-deep-freezer-single-door-9.png"",""/images/products/pel-arctic-pro-deep-freezer-single-door-10.png"",""/images/products/pel-arctic-pro-deep-freezer-single-door-11.png"",""/images/products/pel-arctic-pro-deep-freezer-single-door-12.png"",""/images/products/pel-arctic-pro-deep-freezer-single-door-13.png""]","{""Capacity / Series"":""100 (275 LTR) / 130 (370 LTR) / 150 (410 LTR)"",""Cooling System"":""Direct Cool Deep Freeze Technology"",""Insulation"":""High-Density Thick PUF for 6+ Hours Cold Retention"",""Voltage Stabilizer"":""Built-in LVS (Works from 100V to 260V)"",""Shelves & Gasket"":""Toughened Glass / Food Grade Anti-Bacterial""}","[""White"",""Light Grey""]","10 Years Compressor + 1 Year Parts Warranty","Free Insured Delivery in Faisalabad & Major Cities (2-4 Days Nationwide)"
"pel-48","Washing Machines","PEL Washing Machine Fully Auto","67900","73300","One-Touch Fuzzy Logic","/images/products/pel-washing-machine-fully-auto-1.png","[""/images/products/pel-washing-machine-fully-auto-1.png"",""/images/products/pel-washing-machine-fully-auto-2.png"",""/images/products/pel-washing-machine-fully-auto-3.png"",""/images/products/pel-washing-machine-fully-auto-4.png"",""/images/products/pel-washing-machine-fully-auto-5.png"",""/images/products/pel-washing-machine-fully-auto-6.png""]","{""Wash Capacity"":""900 / 1100"",""Mechanism"":""One-Touch Automated Fuzzy Logic"",""Drum / Body"":""Diamond Stainless Steel Drum / Rust-Proof Double-Wall Body"",""Features"":""Air Dry High-Speed Spin, Child Lock, Lint Filter""}","[""Metallic Grey"",""Golden""]","10 Years Motor + 1 Year Parts Official Warranty","Free Insured Delivery in Faisalabad & Major Cities (2-4 Days Nationwide)"
"pel-49","Washing Machines","PEL Washing Machine Semi Auto Twin Tub","40900","44200","Turbo Super Wave Wash","/images/products/pel-washing-machine-semi-auto-twin-tub-1.png","[""/images/products/pel-washing-machine-semi-auto-twin-tub-1.png"",""/images/products/pel-washing-machine-semi-auto-twin-tub-2.png""]","{""Wash Capacity"":""1050 SA"",""Mechanism"":""Twin Tub Turbo High-Torque Pulsator"",""Drum / Body"":""Diamond Stainless Steel Drum / Rust-Proof Double-Wall Body"",""Features"":""Air Dry High-Speed Spin, Child Lock, Lint Filter""}","[""White"",""Green""]","10 Years Motor + 1 Year Parts Official Warranty","Free Insured Delivery in Faisalabad & Major Cities (2-4 Days Nationwide)"
"pel-50","Washing Machines","PEL Washing Machine Semi Auto","26500","28600","Turbo Super Wave Wash","/images/products/pel-washing-machine-semi-auto-1.png","[""/images/products/pel-washing-machine-semi-auto-1.png"",""/images/products/pel-washing-machine-semi-auto-2.png"",""/images/products/pel-washing-machine-semi-auto-3.png"",""/images/products/pel-washing-machine-semi-auto-4.png""]","{""Wash Capacity"":""8050 SA / 1250 SA"",""Mechanism"":""Twin Tub Turbo High-Torque Pulsator"",""Drum / Body"":""Diamond Stainless Steel Drum / Rust-Proof Double-Wall Body"",""Features"":""Air Dry High-Speed Spin, Child Lock, Lint Filter""}","[""White"",""Green""]","10 Years Motor + 1 Year Parts Official Warranty","Free Insured Delivery in Faisalabad & Major Cities (2-4 Days Nationwide)"
"pel-51","Refrigerators & Freezers","PEL Arctic InverterOn Deep Freezer - Twin Door","96500","104200","Sub-Zero Arctic Freezing","/images/products/pel-arctic-inverteron-deep-freezer-twin-door-1.png","[""/images/products/pel-arctic-inverteron-deep-freezer-twin-door-1.png"",""/images/products/pel-arctic-inverteron-deep-freezer-twin-door-2.png"",""/images/products/pel-arctic-inverteron-deep-freezer-twin-door-3.png"",""/images/products/pel-arctic-inverteron-deep-freezer-twin-door-4.png"",""/images/products/pel-arctic-inverteron-deep-freezer-twin-door-5.png"",""/images/products/pel-arctic-inverteron-deep-freezer-twin-door-6.png"",""/images/products/pel-arctic-inverteron-deep-freezer-twin-door-7.png"",""/images/products/pel-arctic-inverteron-deep-freezer-twin-door-8.png"",""/images/products/pel-arctic-inverteron-deep-freezer-twin-door-9.png""]","{""Capacity / Series"":""370 LTR / 410 LTR"",""Cooling System"":""InverterOn Variable Speed Smart Cooling"",""Insulation"":""High-Density Thick PUF for 6+ Hours Cold Retention"",""Voltage Stabilizer"":""Built-in LVS (Works from 100V to 260V)"",""Shelves & Gasket"":""Toughened Glass / Food Grade Anti-Bacterial""}","[""White"",""Light Grey""]","10 Years Compressor + 1 Year Parts Warranty","Free Insured Delivery in Faisalabad & Major Cities (2-4 Days Nationwide)"
"pel-52","Refrigerators & Freezers","PEL Arctic InverterOn Deep Freezer - Single Door","82900","89500","Sub-Zero Arctic Freezing","/images/products/pel-arctic-inverteron-deep-freezer-1.png","[""/images/products/pel-arctic-inverteron-deep-freezer-1.png"",""/images/products/pel-arctic-inverteron-deep-freezer-2.png"",""/images/products/pel-arctic-inverteron-deep-freezer-3.png"",""/images/products/pel-arctic-inverteron-deep-freezer-4.png"",""/images/products/pel-arctic-inverteron-deep-freezer-5.png"",""/images/products/pel-arctic-inverteron-deep-freezer-6.png"",""/images/products/pel-arctic-inverteron-deep-freezer-7.png"",""/images/products/pel-arctic-inverteron-deep-freezer-8.png"",""/images/products/pel-arctic-inverteron-deep-freezer-9.png"",""/images/products/pel-arctic-inverteron-deep-freezer-10.png"",""/images/products/pel-arctic-inverteron-deep-freezer-11.png"",""/images/products/pel-arctic-inverteron-deep-freezer-12.png"",""/images/products/pel-arctic-inverteron-deep-freezer-13.png"",""/images/products/pel-arctic-inverteron-deep-freezer-14.png"",""/images/products/pel-arctic-inverteron-deep-freezer-15.png"",""/images/products/pel-arctic-inverteron-deep-freezer-16.png"",""/images/products/pel-arctic-inverteron-deep-freezer-17.png"",""/images/products/pel-arctic-inverteron-deep-freezer-18.png""]","{""Capacity / Series"":""100 (275 LTR) / 130 (370) LTR / 150 (410 LTR) / 180 (495 LTR)"",""Cooling System"":""InverterOn Variable Speed Smart Cooling"",""Insulation"":""High-Density Thick PUF for 6+ Hours Cold Retention"",""Voltage Stabilizer"":""Built-in LVS (Works from 100V to 260V)"",""Shelves & Gasket"":""Toughened Glass / Food Grade Anti-Bacterial""}","[""White"",""Light Grey""]","10 Years Compressor + 1 Year Parts Warranty","Free Insured Delivery in Faisalabad & Major Cities (2-4 Days Nationwide)"
"pel-53","Refrigerators & Freezers","PEL Life Pro Refrigerator Room Series","47500","51300","Low Voltage Startup","/images/products/pel-life-pro-refrigerator-room-series-1.png","[""/images/products/pel-life-pro-refrigerator-room-series-1.png"",""/images/products/pel-life-pro-refrigerator-room-series-2.png"",""/images/products/pel-life-pro-refrigerator-room-series-3.png"",""/images/products/pel-life-pro-refrigerator-room-series-4.png""]","{""Capacity / Series"":""1100 (110 LTR) / 1400 (140 LTR)"",""Cooling System"":""Direct Cool Deep Freeze Technology"",""Insulation"":""High-Density Thick PUF for 6+ Hours Cold Retention"",""Voltage Stabilizer"":""Built-in LVS (Works from 100V to 260V)"",""Shelves & Gasket"":""Toughened Glass / Food Grade Anti-Bacterial""}","[""ROYAL TEXTURE GREY (RTG)""]","10 Years Compressor + 1 Year Parts Warranty","Free Insured Delivery in Faisalabad & Major Cities (2-4 Days Nationwide)"
"pel-54","Refrigerators & Freezers","PEL 215 Pearl Water Dispenser (Without Refrigerator Compartment)","35500","38300","Low Voltage Startup","/images/products/pel-215-pearl-water-dispenser-1.png","[""/images/products/pel-215-pearl-water-dispenser-1.png"",""/images/products/pel-215-pearl-water-dispenser-2.png"",""/images/products/pel-215-pearl-water-dispenser-3.png""]","{""Capacity / Series"":""2000 to 22260 Series (168L - 408L)"",""Cooling System"":""Direct Cool Deep Freeze Technology"",""Insulation"":""High-Density Thick PUF for 6+ Hours Cold Retention"",""Voltage Stabilizer"":""Built-in LVS (Works from 100V to 260V)"",""Shelves & Gasket"":""Toughened Glass / Food Grade Anti-Bacterial""}","[""White""]","10 Years Compressor + 1 Year Parts Warranty","Free Insured Delivery in Faisalabad & Major Cities (2-4 Days Nationwide)"
"pel-55","Water Dispensers","PEL 316 Premier Water Dispenser","37500","40500","3-Tap Instant Chilling","/images/products/pel-316-premier-water-dispenser-1.png","[""/images/products/pel-316-premier-water-dispenser-1.png"",""/images/products/pel-316-premier-water-dispenser-2.png"",""/images/products/pel-316-premier-water-dispenser-3.png"",""/images/products/pel-316-premier-water-dispenser-4.png""]","{""Taps"":""3 Taps (Instant Cold, Normal, Piping Hot)"",""Tank Material"":""100% Rust-Proof Food-Grade Stainless Steel SS304"",""Refrigerator Cabinet"":""Spacious Chilled Lower Cabinet"",""Safety"":""Child Safety Lock on Hot Water Faucet"",""Compressor"":""High-Efficiency Tropical Cooling Compressor""}","[""White""]","3 Years Compressor + 1 Year Parts Official Warranty","Free Insured Delivery in Faisalabad & Major Cities (2-4 Days Nationwide)"
"pel-56","Water Dispensers","PEL 315 Smart Water Dispenser","36500","39400","3-Tap Instant Chilling","/images/products/pel-315-smart-water-dispenser-1.png","[""/images/products/pel-315-smart-water-dispenser-1.png"",""/images/products/pel-315-smart-water-dispenser-2.png"",""/images/products/pel-315-smart-water-dispenser-3.png"",""/images/products/pel-315-smart-water-dispenser-4.png""]","{""Taps"":""3 Taps (Instant Cold, Normal, Piping Hot)"",""Tank Material"":""100% Rust-Proof Food-Grade Stainless Steel SS304"",""Refrigerator Cabinet"":""Spacious Chilled Lower Cabinet"",""Safety"":""Child Safety Lock on Hot Water Faucet"",""Compressor"":""High-Efficiency Tropical Cooling Compressor""}","[""White""]","3 Years Compressor + 1 Year Parts Official Warranty","Free Insured Delivery in Faisalabad & Major Cities (2-4 Days Nationwide)"
"pel-57","Microwave Ovens","PEL Glamour Microwave Oven 30 Ltr","36900","39900","Preset Auto Menu","/images/products/pel-glamour-microwave-1.png","[""/images/products/pel-glamour-microwave-1.png""]","{""Capacity"":""20L, 23L, 28L, 30L"",""Cooking Modes"":""Solo Microwave Reheat & Speed Defrost"",""Controls"":""Digital Touch LED Panel"",""Auto Cook Menus"":""Built-in Pakistani Recipe Presets""}","[""30 LTR""]","2 Years Magnetron + 1 Year Parts Official Warranty","Free Insured Delivery in Faisalabad & Major Cities (2-4 Days Nationwide)"
"pel-58","Microwave Ovens","PEL Silver Line 23 LTR Microwave Oven Manual","25900","28000","Preset Auto Menu","/images/products/pel-silver-line-microwave-manual-1.png","[""/images/products/pel-silver-line-microwave-manual-1.png"",""/images/products/pel-silver-line-microwave-manual-2.png""]","{""Capacity"":""23 LTR"",""Cooking Modes"":""Solo Microwave Reheat & Speed Defrost"",""Controls"":""Mechanical Precision Knobs"",""Auto Cook Menus"":""Built-in Pakistani Recipe Presets""}","[""Black""]","2 Years Magnetron + 1 Year Parts Official Warranty","Free Insured Delivery in Faisalabad & Major Cities (2-4 Days Nationwide)"
"pel-59","Microwave Ovens","PEL Desire Microwave Oven","29900","32300","Preset Auto Menu","/images/products/pel-desire-microwave-1.png","[""/images/products/pel-desire-microwave-1.png""]","{""Capacity"":""23 LTR / 26 LTR / 30 LTR"",""Cooking Modes"":""Solo Microwave Reheat & Speed Defrost"",""Controls"":""Digital Touch LED Panel"",""Auto Cook Menus"":""Built-in Pakistani Recipe Presets""}","[""Black""]","2 Years Magnetron + 1 Year Parts Official Warranty","Free Insured Delivery in Faisalabad & Major Cities (2-4 Days Nationwide)"
"pel-60","Microwave Ovens","PEL Classic Microwave","17900","19300","Preset Auto Menu","/images/products/pel-classic-microwave-1.png","[""/images/products/pel-classic-microwave-1.png"",""/images/products/pel-classic-microwave-2.png"",""/images/products/pel-classic-microwave-3.png"",""/images/products/pel-classic-microwave-4.png""]","{""Capacity"":""20 LTR"",""Cooking Modes"":""Solo Microwave Reheat & Speed Defrost"",""Controls"":""Digital Touch LED Panel"",""Auto Cook Menus"":""Built-in Pakistani Recipe Presets""}","[""White"",""Black""]","2 Years Magnetron + 1 Year Parts Official Warranty","Free Insured Delivery in Faisalabad & Major Cities (2-4 Days Nationwide)"
"pel-61","Microwave Ovens","PEL Classic Plus Microwave Oven","17900","19300","Preset Auto Menu","/images/products/pel-classic-plus-microwave-1.png","[""/images/products/pel-classic-plus-microwave-1.png"",""/images/products/pel-classic-plus-microwave-2.png"",""/images/products/pel-classic-plus-microwave-3.png"",""/images/products/pel-classic-plus-microwave-4.png""]","{""Capacity"":""20 LTR"",""Cooking Modes"":""Solo Microwave Reheat & Speed Defrost"",""Controls"":""Digital Touch LED Panel"",""Auto Cook Menus"":""Built-in Pakistani Recipe Presets""}","[""Black"",""White""]","2 Years Magnetron + 1 Year Parts Official Warranty","Free Insured Delivery in Faisalabad & Major Cities (2-4 Days Nationwide)"
"pel-62","Washing Machines","PEL Smart Washing Machine Fully Auto","72900","78700","Smart Direct Drive Inverter","/images/products/pel-washing-machine-smart-fully-1.png","[""/images/products/pel-washing-machine-smart-fully-1.png"",""/images/products/pel-washing-machine-smart-fully-2.png"",""/images/products/pel-washing-machine-smart-fully-3.png""]","{""Wash Capacity"":""900i / 1100i"",""Mechanism"":""Direct Drive Smart Inverter Motor"",""Drum / Body"":""Diamond Stainless Steel Drum / Rust-Proof Double-Wall Body"",""Features"":""Air Dry High-Speed Spin, Child Lock, Lint Filter""}","[""Metallic Grey""]","10 Years Motor + 1 Year Parts Official Warranty","Free Insured Delivery in Faisalabad & Major Cities (2-4 Days Nationwide)"
"pel-63","Refrigerators & Freezers","PEL Life Pro Refrigerator","63900","69000","Low Voltage Startup","/images/products/pel-life-pro-refrigerator-1.png","[""/images/products/pel-life-pro-refrigerator-1.png"",""/images/products/pel-life-pro-refrigerator-2.png"",""/images/products/pel-life-pro-refrigerator-3.png"",""/images/products/pel-life-pro-refrigerator-4.png"",""/images/products/pel-life-pro-refrigerator-5.png"",""/images/products/pel-life-pro-refrigerator-6.png"",""/images/products/pel-life-pro-refrigerator-7.png"",""/images/products/pel-life-pro-refrigerator-8.png"",""/images/products/pel-life-pro-refrigerator-9.png"",""/images/products/pel-life-pro-refrigerator-10.png"",""/images/products/pel-life-pro-refrigerator-11.png"",""/images/products/pel-life-pro-refrigerator-12.png""]","{""Capacity / Series"":""2000 (168 LTR) / 2200 (194 LTR) / 2350 (240 LTR) / 2550 (260 LTR) / 6360 (310 LTR) / 6460 (334 LTR) / 21860 (354 LTR) / 22260 (408 LTR)"",""Cooling System"":""Direct Cool Deep Freeze Technology"",""Insulation"":""High-Density Thick PUF for 6+ Hours Cold Retention"",""Voltage Stabilizer"":""Built-in LVS (Works from 100V to 260V)"",""Shelves & Gasket"":""Toughened Glass / Food Grade Anti-Bacterial""}","[""Metallic Golden Brown"",""Metallic Texture Grey"",""Gracious Graphite"",""Brushed Metallic Grey""]","10 Years Compressor + 1 Year Parts Warranty","Free Insured Delivery in Faisalabad & Major Cities (2-4 Days Nationwide)"